{
    "useColorAsBaseTerrain": "false",
    "fallbackTileSet": FantasyHex,
    "ruleVariants": {

        "Grassland+Jungle": ["Grassland","JungleG"],
        "Plains+Jungle": ["Plains","JungleP"],
        "Grassland+Forest": ["Grassland","ForestG"],
        "Plains+Forest": ["Plains","ForestP"],
        "Tundra+Forest": ["Tundra","ForestT"],
        "Grassland+Hill+Jungle": ["HillG","JungleG"],
        "Plains+Hill+Jungle": ["HillP","JungleP"],
        "Grassland+Hill+Forest": ["HillG","ForestG"],
        "Plains+Hill+Forest": ["HillP","ForestP"],
        "Tundra+Hill+Forest": ["HillT","ForestT"],
        "Grassland+Hill": ["HillG"],
        "Plains+Hill": ["HillP"],
        "Desert+Hill": ["HillD"],
        "Tundra+Hill": ["HillT"],
        "Snow+Hill": ["HillS"],

//resources below Jungle
        "Grassland+Aluminum+Jungle": ["Grassland","Aluminium","JungleR"],
        "Plains+Aluminum+Jungle": ["Plains","Aluminium","JungleR"],
        "Grassland+Bananas+Jungle": ["Grassland","Bananas","JungleR"],
        "Plains+Bananas+Jungle": ["Plains","Bananas","JungleR"],
        "Grassland+Citrus+Jungle": ["Grassland","Citrus","JungleR"],
        "Plains+Citrus+Jungle": ["Plains","Citrus","JungleR"],
        "Grassland+Coal+Jungle": ["Grassland","Coal","JungleR"],
        "Plains+Coal+Jungle": ["Plains","Coal","JungleR"],
        "Grassland+Copper+Jungle": ["Grassland","Copper","JungleR"],
        "Plains+Copper+Jungle": ["Plains","Copper","JungleR"],
        "Grassland+Dyes+Jungle": ["Grassland","Dyes","JungleR"],
        "Plains+Dyes+Jungle": ["Plains","Dyes","JungleR"],
        "Grassland+Gems+Jungle": ["Grassland","Gems","JungleR"],
        "Plains+Gems+Jungle": ["Plains","Gems","JungleR"],
        "Grassland+Gold Ore+Jungle": ["Grassland","Gold Ore","JungleR"],
        "Plains+Gold Ore+Jungle": ["Plains","Gold Ore","JungleR"],
        "Grassland+Oil+Jungle": ["Grassland","Oil","JungleR"],
        "Plains+Oil+Jungle": ["Plains","Oil","JungleR"],
        "Grassland+Silk+Jungle": ["Grassland","Silk","JungleR"],
        "Plains+Silk+Jungle": ["Plains","Silk","JungleR"],
        "Grassland+Silver+Jungle": ["Grassland","Silver","JungleR"],
        "Plains+Silver+Jungle": ["Plains","Silver","JungleR"],
        "Grassland+Spices+Jungle": ["Grassland","Spices","JungleR"],
        "Plains+Spices+Jungle": ["Plains","Spices","JungleR"],
        "Grassland+Truffles+Jungle": ["Grassland","Truffles","JungleR"],
        "Plains+Truffles+Jungle": ["Plains","Truffles","JungleR"],
        "Grassland+Uranium+Jungle": ["Grassland","Uranium","JungleR"],
        "Plains+Uranium+Jungle": ["Plains","Uranium","JungleR"],

//resources below Forest

        "Grassland+Citrus+Forest": ["Grassland","Citrus","ForestGR"],
        "Plains+Citrus+Forest": ["Plains","Citrus","ForestPR"],
        "Tundra+Citrus+Forest": ["Tundra","Citrus","ForestTR"],
        "Grassland+Coal+Forest": ["Grassland","Coal","ForestGR"],
        "Plains+Coal+Forest": ["Plains","Coal","ForestPR"],
        "Tundra+Coal+Forest": ["Tundra","Coal","ForestTR"],
        "Grassland+Copper+Forest": ["Grassland","Copper","ForestGR"],
        "Plains+Copper+Forest": ["Plains","Copper","ForestPR"],
        "Tundra+Copper+Forest": ["Tundra","Copper","ForestTR"],
        "Grassland+Deer+Forest": ["Grassland","Deer","ForestGR"],
        "Plains+Deer+Forest": ["Plains","Deer","ForestPR"],
        "Tundra+Deer+Forest": ["Tundra","Deer","ForestTR"],
        "Grassland+Dyes+Forest": ["Grassland","Dyes","ForestGR"],
        "Plains+Dyes+Forest": ["Plains","Dyes","ForestPR"],
        "Tundra+Dyes+Forest": ["Tundra","Dyes","ForestTR"],
        "Grassland+Furs+Forest": ["Grassland","Furs","ForestGR"],
        "Plains+Furs+Forest": ["Plains","Furs","ForestPR"],
        "Tundra+Furs+Forest": ["Tundra","Furs","ForestTR"],
        "Grassland+Gems+Forest": ["Grassland","Gems","ForestGR"],
        "Plains+Gems+Forest": ["Plains","Gems","ForestPR"],
        "Tundra+Gems+Forest": ["Tundra","Gems","ForestTR"],
        "Grassland+Gold Ore+Forest": ["Grassland","Gold Ore","ForestGR"],
        "Plains+Gold Ore+Forest": ["Plains","Gold Ore","ForestPR"],
        "Tundra+Gold Ore+Forest": ["Tundra","Gold Ore","ForestTR"],
        "Grassland+Salt+Forest": ["Grassland","Salt","ForestGR"],
        "Plains+Salt+Forest": ["Plains","Salt","ForestPR"],
        "Tundra+Salt+Forest": ["Tundra","Salt","ForestTR"],
        "Grassland+Silk+Forest": ["Grassland","Silk","ForestGR"],
        "Plains+Silk+Forest": ["Plains","Silk","ForestPR"],
        "Tundra+Silk+Forest": ["Tundra","Silk","ForestTR"],
        "Grassland+Silver+Forest": ["Grassland","Silver","ForestGR"],
        "Plains+Silver+Forest": ["Plains","Silver","ForestPR"],
        "Tundra+Silver+Forest": ["Tundra","Silver","ForestTR"],
        "Grassland+Spices+Forest": ["Grassland","Spices","ForestGR"],
        "Plains+Spices+Forest": ["Plains","Spices","ForestPR"],
        "Tundra+Spices+Forest": ["Tundra","Spices","ForestTR"],
        "Grassland+Truffles+Forest": ["Grassland","Truffles","ForestGR"],
        "Plains+Truffles+Forest": ["Plains","Truffles","ForestPR"],
        "Tundra+Truffles+Forest": ["Tundra","Truffles","ForestTR"],
        "Grassland+Uranium+Forest": ["Grassland","Uranium","ForestGR"],
        "Plains+Uranium+Forest": ["Plains","Uranium","ForestPR"],
        "Tundra+Uranium+Forest": ["Tundra","Uranium","ForestTR"],

//resources on Hill below Forest
        "Grassland+Hill+Citrus+Forest": ["HillG","Citrus","ForestGR"],
        "Plains+Hill+Citrus+Forest": ["HillP","Citrus","ForestPR"],
        "Tundra+Hill+Citrus+Forest": ["HillT","Citrus","ForestTR"],
        "Grassland+Hill+Coal+Forest": ["HillG","Coal","ForestGR"],
        "Plains+Hill+Coal+Forest": ["HillP","Coal","ForestPR"],
        "Tundra+Hill+Coal+Forest": ["HillT","Coal","ForestTR"],
        "Grassland+Hill+Copper+Forest": ["HillG","Copper","ForestGR"],
        "Plains+Hill+Copper+Forest": ["HillP","Copper","ForestPR"],
        "Tundra+Hill+Copper+Forest": ["HillT","Copper","ForestTR"],
        "Grassland+Hill+Deer+Forest": ["HillG","Deer","ForestGR"],
        "Plains+Hill+Deer+Forest": ["HillP","Deer","ForestPR"],
        "Tundra+Hill+Deer+Forest": ["HillT","Deer","ForestTR"],
        "Grassland+Hill+Dyes+Forest": ["HillG","Dyes","ForestGR"],
        "Plains+Hill+Dyes+Forest": ["HillP","Dyes","ForestPR"],
        "Tundra+Hill+Dyes+Forest": ["HillT","Dyes","ForestTR"],
        "Grassland+Hill+Furs+Forest": ["HillG","Furs","ForestGR"],
        "Plains+Hill+Furs+Forest": ["HillP","Furs","ForestPR"],
        "Tundra+Hill+Furs+Forest": ["HillT","Furs","ForestTR"],
        "Grassland+Hill+Gems+Forest": ["HillG","Gems","ForestGR"],
        "Plains+Hill+Gems+Forest": ["HillP","Gems","ForestPR"],
        "Tundra+Hill+Gems+Forest": ["HillT","Gems","ForestTR"],
        "Grassland+Hill+Gold Ore+Forest": ["HillG","Gold Ore","ForestGR"],
        "Plains+Hill+Gold Ore+Forest": ["HillP","Gold Ore","ForestPR"],
        "Tundra+Hill+Gold Ore+Forest": ["HillT","Gold Ore","ForestTR"],
        "Grassland+Hill+Salt+Forest": ["HillG","Salt","ForestGR"],
        "Plains+Hill+Salt+Forest": ["HillP","Salt","ForestPR"],
        "Tundra+Hill+Salt+Forest": ["HillT","Salt","ForestTR"],
        "Grassland+Hill+Silk+Forest": ["HillG","Silk","ForestGR"],
        "Plains+Hill+Silk+Forest": ["HillP","Silk","ForestPR"],
        "Tundra+Hill+Silk+Forest": ["HillT","Silk","ForestTR"],
        "Grassland+Hill+Silver+Forest": ["HillG","Silver","ForestGR"],
        "Plains+Hill+Silver+Forest": ["HillP","Silver","ForestPR"],
        "Tundra+Hill+Silver+Forest": ["HillT","Silver","ForestTR"],
        "Grassland+Hill+Spices+Forest": ["HillG","Spices","ForestGR"],
        "Plains+Hill+Spices+Forest": ["HillP","Spices","ForestPR"],
        "Tundra+Hill+Spices+Forest": ["HillT","Spices","ForestTR"],
        "Grassland+Hill+Truffles+Forest": ["HillG","Truffles","ForestGR"],
        "Plains+Hill+Truffles+Forest": ["HillP","Truffles","ForestPR"],
        "Tundra+Hill+Truffles+Forest": ["HillT","Truffles","ForestTR"],
        "Grassland+Hill+Uranium+Forest": ["HillG","Uranium","ForestGR"],
        "Plains+Hill+Uranium+Forest": ["HillP","Uranium","ForestPR"],
        "Tundra+Hill+Uranium+Forest": ["HillT","Uranium","ForestTR"],

//tundra Furs
        "Tundra+Furs+Forest": ["Tundra","FursT","ForestTR"],
        "Tundra+Hill+Furs+Forest": ["HillT","FursT","ForestTR"],

//farms
        "Grassland+Wheat+Farm": ["Grassland", "WheatFarm"],
        "Plains+Wheat+Farm": ["Plains", "WheatFarm"],
        "Desert+Wheat+Farm": ["Desert", "WheatFarm"],
        "Desert+Flood plains+Wheat+Farm": ["Desert","Flood plains","WheatFarm"],
        "Grassland+Hill+Farm": ["HillG","HillFarm"],
        "Plains+Hill+Farm": ["HillP","HillFarm"],
        "Desert+Hill+Farm": ["HillD","HillFarm"],
        "Tundra+Hill+Farm": ["HillT","HillFarm"],
        "Snow+Hill+Farm": ["HillS","HillFarm"],

//pastures
        "Grassland+Cattle+Pasture": ["Grassland", "PastureCattle"],
        "Grassland+Horses+Pasture": ["Grassland", "PastureHorses"],
        "Plains+Horses+Pasture": ["Plains", "PastureHorses"],
        "Desert+Horses+Pasture": ["Desert", "PastureHorses"],
        "Grassland+Hill+Horses+Pasture": ["HillG", "PastureHillHorses"],
        "Plains+Hill+Horses+Pasture": ["HillP", "PastureHillHorses"],
        "Desert+Hill+Horses+Pasture": ["HillD", "PastureHillHorses"],
        "Tundra+Hill+Horses+Pasture": ["HillT", "PastureHillHorses"],
        "Grassland+Hill+Sheep+Pasture": ["HillG", "PastureHillSheep"],
        "Plains+Hill+Sheep+Pasture": ["HillP", "PastureHillSheep"],
        "Desert+Hill+Sheep+Pasture": ["HillD", "PastureHillSheep"],
        "Tundra+Hill+Sheep+Pasture": ["HillT", "PastureHillSheep"],
//Camps
        "Deer+Camp": ["CampDeer"],
        "Furs+Camp": ["CampFurs"],
        "Truffles+Camp": ["CampTruffles"],
        "Ivory+Camp": ["CampIvory"],
//Plantations
        "Grassland+Sugar+Plantation": ["Grassland", "PlantationSugar"],
        "Desert+Flood plains+Sugar+Plantation": ["Desert","Flood plains","PlantationSugar"],
        "Grassland+Cotton+Plantation": ["Grassland", "PlantationCotton"],
        "Desert+Flood plains+Cotton+Plantation": ["Desert","Flood plains","PlantationCotton"],
        "Plains+Incense+Plantation": ["Plains","PlantationIncense"],
        "Desert+Incense+Plantation": ["Desert","PlantationIncense"],
        "Grassland+Dyes+Plantation": ["Grassland","PlantationDyes"],
        "Plains+Dyes+Plantation": ["Plains", "PlantationDyes"],
        "Tundra+Dyes+Plantation": ["Tundra", "PlantationDyes"],
        "Grassland+Hill+Dyes+Plantation": ["Grassland","Hill","PlantationDyes"],
        "Plains+Hill+Dyes+Plantation": ["Plains","Hill","PlantationDyes"],
        "Tundra+Hill+Dyes+Plantation": ["Tundra","Hill","PlantationDyes"],
        "Grassland+Silk+Plantation": ["Grassland","PlantationSilk"],
        "Plains+Silk+Plantation": ["Plains", "PlantationSilk"],
        "Tundra+Silk+Plantation": ["Tundra", "PlantationSilk"],
        "Grassland+Hill+Silk+Plantation": ["Grassland","Hill","PlantationSilk"],
        "Plains+Hill+Silk+Plantation": ["Plains","Hill","PlantationSilk"],
        "Tundra+Hill+Silk+Plantation": ["Tundra","Hill","PlantationSilk"],
        "Grassland+Spices+Plantation": ["Grassland","PlantationSpices"],
        "Plains+Spices+Plantation": ["Plains", "PlantationSpices"],
        "Tundra+Spices+Plantation": ["Tundra", "PlantationSpices"],
        "Grassland+Hill+Spices+Plantation": ["Grassland","Hill","PlantationSpices"],
        "Plains+Hill+Spices+Plantation": ["Plains","Hill","PlantationSpices"],
        "Tundra+Hill+Spices+Plantation": ["Tundra","Hill","PlantationSpices"],

    }
}
